4chan,2019-05-26
amitheasshole,2019-05-26
askhistorians,2019-05-26
askmen,2019-05-26
askreddit,2019-05-26
askscience,2019-05-26
askwomen,2019-05-26
bitcoin,2019-05-26
changemyview,2019-05-26
chapotraphouse,2019-05-26
christianity,2019-05-26
circlejerk,2019-05-26
confession,2019-05-26
conservative,2019-05-26
conspiracy,2019-05-26
crazyideas,2019-05-26
diy,2019-05-26
drama,2019-05-26
drugs,2019-05-26
explainlikeimfive,2019-05-26
fantheories,2019-05-26
fifthworldproblems,2019-05-26
fitness,2019-05-26
food,2019-05-26
futurology,2019-05-26
gonewild,2019-05-26
gonewildstories,2019-05-26
jokes,2019-05-26
ledootgeneration,2019-05-26
legaladvice,2019-05-26
libertarian,2019-05-26
lifeprotips,2019-05-26
machinelearning,2019-05-26
mildlyinteresting,2019-05-26
movies,2019-05-26
murica,2019-05-26
news,2019-05-26
nocontext,2019-05-26
nottheonion,2019-05-26
offmychest,2019-05-26
ooer,2019-05-26
outoftheloop,2019-05-26
pcgaming,2019-05-26
politics,2019-05-26
relationships,2019-05-26
roastme,2019-05-26
sex,2019-05-26
shittyfoodporn,2019-05-26
shortscarystories,2019-05-26
showerthoughts,2019-05-26
socialism,2019-05-26
teenagers,2019-05-26
television,2019-05-26
the_donald,2019-05-26
tifu,2019-05-26
titlegore,2019-05-26
todayilearned,2019-05-26
totallynotrobots,2019-05-26
trees,2019-05-26
unpopularopinion,2019-05-26
uwotm8,2019-05-26
wallstreetbets,2019-05-26
worldnews,2019-05-26
writingprompts,2019-05-26
asoiaf,2019-06-15
awakened,2019-06-15
awlias,2019-06-15
copypasta,2019-06-15
cryptocurrency,2019-06-15
daystrominstitute,2019-06-15
de,2019-06-15
depthhub,2019-06-15
dreams,2019-06-15
emojipasta,2019-06-15
europe,2019-06-15
france,2019-06-15
glitch_in_the_matrix,2019-06-15
hiphopheads,2019-06-15
historyanecdotes,2019-06-15
iama,2019-06-15
letstalkmusic,2019-06-15
malefashionadvice,2019-06-15
math,2019-06-15
nba,2019-06-15
nfl,2019-06-15
okbuddyretard,2019-06-15
paranormal,2019-06-15
prorevenge,2019-06-15
psychonaut,2019-06-15
quotes,2019-06-15
rant,2019-06-15
relationship_advice,2019-06-15
scenesfromahat,2019-06-15
science,2019-06-15
singularity,2019-06-15
slatestarcodex,2019-06-15
soccer,2019-06-15
sorceryofthespectacle,2019-06-15
subredditdrama,2019-06-15
subredditsimulator,2019-06-15
talesfromtechsupport,2019-06-15
tipofmytongue,2019-06-15
travel,2019-06-15
truefilm,2019-06-15
unresolvedmysteries,2019-06-15
vxjunkies,2019-06-15
whowouldwin,2019-06-15
wikipedia,2019-06-15
capitalismvsocialism,2020-01-12
chess,2020-01-12
conlangs,2020-01-12
dota2,2020-01-12
etymology,2020-01-12
fiftyfifty,2020-01-12
hobbydrama,2020-01-12
markmywords,2020-01-12
moviedetails,2020-01-12
neoliberal,2020-01-12
obscuremedia,2020-01-12
recipes,2020-01-12
riddles,2020-01-12
stonerphilosophy,2020-01-12
subsimulatorgpt2,2020-01-12
subsimulatorgpt2meta,2020-01-12
tellmeafact,2020-01-12
twosentencehorror,2020-01-12
ukpolitics,2020-01-12
wordavalanches,2020-01-12
wouldyourather,2020-01-12
zen,2020-01-12